Squad,Standard_Poss,Standard_xG,Standard_npxG,Standard_xAG,Standard_npxG+xAG,Standard_Gls.1,Standard_Ast.1,Standard_G+A.1,Standard_G-PK.1,Standard_G+A-PK,Standard_xG.1,Standard_xAG.1,Standard_xG+xAG,Standard_npxG.1,Standard_npxG+xAG.1,Standard_PK_per_90,Standard_PKatt_per_90,Standard_CrdY_per_90,Standard_CrdR_per_90,Standard_PrgC_per_90,Standard_PrgP_per_90,Standard_Poss_against,Standard_xG_against,Standard_npxG_against,Standard_xAG_against,Standard_npxG+xAG_against,Standard_Gls.1_against,Standard_Ast.1_against,Standard_G+A.1_against,Standard_G-PK.1_against,Standard_G+A-PK_against,Standard_xG.1_against,Standard_xAG.1_against,Standard_xG+xAG_against,Standard_npxG.1_against,Standard_npxG+xAG.1_against,Standard_PK_per_90_against,Standard_PKatt_per_90_against,Standard_CrdY_per_90_against,Standard_CrdR_per_90_against,Standard_PrgC_per_90_against,Standard_PrgP_per_90_against,Goalkeeping_GA90,Goalkeeping_Save%,Goalkeeping_CS%,Goalkeeping_Save%.1,Goalkeeping_SoTA_per_90,Goalkeeping_Saves_per_90,Goalkeeping_W_per_90,Goalkeeping_D_per_90,Goalkeeping_L_per_90,Goalkeeping_PKatt_per_90,Goalkeeping_PKA_per_90,Goalkeeping_PKsv_per_90,Goalkeeping_PKm_per_90,Goalkeeping_GA90_against,Goalkeeping_Save%_against,Goalkeeping_CS%_against,Goalkeeping_Save%.1_against,Goalkeeping_SoTA_per_90_against,Goalkeeping_Saves_per_90_against,Goalkeeping_W_per_90_against,Goalkeeping_D_per_90_against,Goalkeeping_L_per_90_against,Goalkeeping_PKatt_per_90_against,Goalkeeping_PKA_per_90_against,Goalkeeping_PKsv_per_90_against,Goalkeeping_PKm_per_90_against,AdvGoalkeeping_PSxG,AdvGoalkeeping_PSxG/SoT,AdvGoalkeeping_PSxG+/-,AdvGoalkeeping_/90,AdvGoalkeeping_Launch%,AdvGoalkeeping_AvgLen,AdvGoalkeeping_Launch%.1,AdvGoalkeeping_AvgLen.1,AdvGoalkeeping_Stp%,AdvGoalkeeping_#OPA/90,AdvGoalkeeping_AvgDist,AdvGoalkeeping_FK_per_90,AdvGoalkeeping_CK_per_90,AdvGoalkeeping_OG_per_90,AdvGoalkeeping_Cmp_per_90,AdvGoalkeeping_Att_per_90,AdvGoalkeeping_Cmp%_per_90,AdvGoalkeeping_Att (GK)_per_90,AdvGoalkeeping_Thr_per_90,AdvGoalkeeping_Att.1_per_90,AdvGoalkeeping_Opp_per_90,AdvGoalkeeping_Stp_per_90,AdvGoalkeeping_PSxG_against,AdvGoalkeeping_PSxG/SoT_against,AdvGoalkeeping_PSxG+/-_against,AdvGoalkeeping_/90_against,AdvGoalkeeping_Launch%_against,AdvGoalkeeping_AvgLen_against,AdvGoalkeeping_Launch%.1_against,AdvGoalkeeping_AvgLen.1_against,AdvGoalkeeping_Stp%_against,AdvGoalkeeping_#OPA/90_against,AdvGoalkeeping_AvgDist_against,AdvGoalkeeping_FK_per_90_against,AdvGoalkeeping_CK_per_90_against,AdvGoalkeeping_OG_per_90_against,AdvGoalkeeping_Cmp_per_90_against,AdvGoalkeeping_Att_per_90_against,AdvGoalkeeping_Cmp%_per_90_against,AdvGoalkeeping_Att (GK)_per_90_against,AdvGoalkeeping_Thr_per_90_against,AdvGoalkeeping_Att.1_per_90_against,AdvGoalkeeping_Opp_per_90_against,AdvGoalkeeping_Stp_per_90_against,Shooting_SoT%,Shooting_Sh/90,Shooting_SoT/90,Shooting_G/Sh,Shooting_G/SoT,Shooting_Dist,Shooting_npxG/Sh,Shooting_G-xG,Shooting_np:G-xG,Shooting_Gls_per_90,Shooting_SoT%_against,Shooting_Sh/90_against,Shooting_SoT/90_against,Shooting_G/Sh_against,Shooting_G/SoT_against,Shooting_Dist_against,Shooting_npxG/Sh_against,Shooting_G-xG_against,Shooting_np:G-xG_against,Shooting_Gls_per_90_against,Passing_TotDist_per_90,Passing_PrgDist_per_90,Passing_KP_per_90,Passing_1/3_per_90,Passing_PPA_per_90,Passing_CrsPA_per_90,Passing_TotDist_per_90_against,Passing_PrgDist_per_90_against,Passing_KP_per_90_against,Passing_1/3_per_90_against,Passing_PPA_per_90_against,Passing_CrsPA_per_90_against,PassTypes_Live_per_90,PassTypes_Dead_per_90,PassTypes_FK_per_90,PassTypes_TB_per_90,PassTypes_Sw_per_90,PassTypes_Crs_per_90,PassTypes_TI_per_90,PassTypes_CK_per_90,PassTypes_In_per_90,PassTypes_Out_per_90,PassTypes_Str_per_90,PassTypes_Cmp_per_90,PassTypes_Off_per_90,PassTypes_Blocks_per_90,PassTypes_Live_per_90_against,PassTypes_Dead_per_90_against,PassTypes_FK_per_90_against,PassTypes_TB_per_90_against,PassTypes_Sw_per_90_against,PassTypes_Crs_per_90_against,PassTypes_TI_per_90_against,PassTypes_CK_per_90_against,PassTypes_In_per_90_against,PassTypes_Out_per_90_against,PassTypes_Str_per_90_against,PassTypes_Cmp_per_90_against,PassTypes_Off_per_90_against,PassTypes_Blocks_per_90_against,GSC_SCA90,GSC_GCA90,GSC_PassLive_per_90,GSC_PassDead_per_90,GSC_TO_per_90,GSC_Sh_per_90,GSC_Fld_per_90,GSC_Def_per_90,GSC_PassLive.1_per_90,GSC_PassDead.1_per_90,GSC_TO.1_per_90,GSC_Sh.1_per_90,GSC_Fld.1_per_90,GSC_Def.1_per_90,GSC_SCA90_against,GSC_GCA90_against,GSC_PassLive_per_90_against,GSC_PassDead_per_90_against,GSC_TO_per_90_against,GSC_Sh_per_90_against,GSC_Fld_per_90_against,GSC_Def_per_90_against,GSC_PassLive.1_per_90_against,GSC_PassDead.1_per_90_against,GSC_TO.1_per_90_against,GSC_Sh.1_per_90_against,GSC_Fld.1_per_90_against,GSC_Def.1_per_90_against,Defense_Tkl_per_90,Defense_TklW_per_90,Defense_Def 3rd_per_90,Defense_Mid 3rd_per_90,Defense_Att 3rd_per_90,Defense_Tkl.1_per_90,Defense_Att_per_90,Defense_Tkl%_per_90,Defense_Lost_per_90,Defense_Blocks_per_90,Defense_Sh_per_90,Defense_Pass_per_90,Defense_Int_per_90,Defense_Tkl+Int_per_90,Defense_Clr_per_90,Defense_Err_per_90,Defense_Tkl_per_90_against,Defense_TklW_per_90_against,Defense_Def 3rd_per_90_against,Defense_Mid 3rd_per_90_against,Defense_Att 3rd_per_90_against,Defense_Tkl.1_per_90_against,Defense_Att_per_90_against,Defense_Tkl%_per_90_against,Defense_Lost_per_90_against,Defense_Blocks_per_90_against,Defense_Sh_per_90_against,Defense_Pass_per_90_against,Defense_Int_per_90_against,Defense_Tkl+Int_per_90_against,Defense_Clr_per_90_against,Defense_Err_per_90_against,Possession_Succ%,Possession_Tkld%,Possession_Mid 3rd_per_90,Possession_Att 3rd_per_90,Possession_Att Pen_per_90,Possession_Att_per_90,Possession_Succ_per_90,Possession_Tkld_per_90,Possession_Carries_per_90,Possession_TotDist_per_90,Possession_PrgDist_per_90,Possession_PrgC_per_90,Possession_1/3_per_90,Possession_CPA_per_90,Possession_Mis_per_90,Possession_Dis_per_90,Possession_Rec_per_90,Possession_PrgR_per_90,Possession_Succ%_against,Possession_Tkld%_against,Possession_Mid 3rd_per_90_against,Possession_Att 3rd_per_90_against,Possession_Att Pen_per_90_against,Possession_Att_per_90_against,Possession_Succ_per_90_against,Possession_Tkld_per_90_against,Possession_Carries_per_90_against,Possession_TotDist_per_90_against,Possession_PrgDist_per_90_against,Possession_PrgC_per_90_against,Possession_1/3_per_90_against,Possession_CPA_per_90_against,Possession_Mis_per_90_against,Possession_Dis_per_90_against,Possession_Rec_per_90_against,Possession_PrgR_per_90_against,Miscellaneous_Won%,Miscellaneous_Fls_per_90,Miscellaneous_Fld_per_90,Miscellaneous_Off_per_90,Miscellaneous_Crs_per_90,Miscellaneous_Int_per_90,Miscellaneous_OG_per_90,Miscellaneous_Recov_per_90,Miscellaneous_Won_per_90,Miscellaneous_Won%_against,Miscellaneous_Fls_per_90_against,Miscellaneous_Fld_per_90_against,Miscellaneous_Off_per_90_against,Miscellaneous_Crs_per_90_against,Miscellaneous_Int_per_90_against,Miscellaneous_OG_per_90_against,Miscellaneous_Recov_per_90_against,Miscellaneous_Won_per_90_against
Atlético Mineiro,55.2,16.4,15.6,10.1,25.8,1.0,0.5,1.5,0.93,1.43,1.17,0.72,1.9,1.12,1.84,0.07142857142857142,0.07142857142857142,2.5714285714285716,0.14285714285714285,17.214285714285715,41.5,44.8,13.6,13.6,10.2,23.8,1.0,0.5,1.5,1.0,1.5,0.97,0.73,1.7,0.97,1.7,0.0,0.0,2.5,0.14285714285714285,11.714285714285714,30.142857142857142,1.07,72.2,50.0,,3.857142857142857,2.857142857142857,0.35714285714285715,0.35714285714285715,0.2857142857142857,0.0,0.0,0.0,0.0,1.14,77.6,28.6,0.0,4.785714285714286,3.7857142857142856,0.2857142857142857,0.35714285714285715,0.35714285714285715,0.07142857142857142,0.07142857142857142,0.0,0.0,16.1,0.3,2.1,0.15,42.9,35.1,15.8,22.6,5.3,2.07,18.7,0.0,0.21428571428571427,0.07142857142857142,5.214285714285714,13.428571428571429,2.7714285714285714,28.785714285714285,3.857142857142857,6.785714285714286,12.071428571428571,0.6428571428571429,16.6,0.25,2.6,0.19,37.6,35.8,52.8,42.5,4.3,0.29,9.4,0.14285714285714285,0.35714285714285715,0.14285714285714285,4.0,12.642857142857142,2.257142857142857,21.071428571428573,3.357142857142857,8.928571428571429,16.785714285714285,0.7142857142857143,29.6,15.93,4.71,0.06,0.2,20.4,0.07,-2.4,-2.6,1.0,31.8,12.14,3.86,0.08,0.26,19.7,0.08,0.4,0.4,1.0,7050.357142857143,2476.285714285714,10.5,33.42857142857143,7.357142857142857,1.5714285714285714,5446.357142857143,2166.0714285714284,9.071428571428571,23.5,5.857142857142857,2.0,431.92857142857144,47.642857142857146,13.071428571428571,1.3571428571428572,4.214285714285714,20.0,18.785714285714285,6.928571428571429,3.2857142857142856,2.0714285714285716,0.0,389.42857142857144,2.142857142857143,8.214285714285714,332.0,52.142857142857146,15.928571428571429,0.5,2.5714285714285716,15.928571428571429,20.214285714285715,4.928571428571429,2.0714285714285716,2.0,0.0,294.2857142857143,0.7857142857142857,6.142857142857143,27.86,1.5,18.785714285714285,2.2857142857142856,1.6428571428571428,2.2142857142857144,2.0714285714285716,0.8571428571428571,0.7142857142857143,0.14285714285714285,0.07142857142857142,0.35714285714285715,0.21428571428571427,0.0,20.5,1.5,14.071428571428571,2.5714285714285716,0.9285714285714286,1.5,0.8571428571428571,0.5714285714285714,0.9285714285714286,0.14285714285714285,0.07142857142857142,0.21428571428571427,0.0,0.14285714285714285,16.642857142857142,10.928571428571429,7.142857142857143,7.214285714285714,2.2857142857142856,7.285714285714286,12.785714285714286,4.071428571428571,5.5,8.428571428571429,3.357142857142857,5.071428571428571,10.857142857142858,27.5,24.714285714285715,0.6428571428571429,16.0,10.571428571428571,7.571428571428571,6.785714285714286,1.6428571428571428,7.5,15.142857142857142,3.5357142857142856,7.642857142857143,12.642857142857142,5.357142857142857,7.285714285714286,8.571428571428571,24.571428571428573,27.142857142857142,0.35714285714285715,45.7,44.9,278.2142857142857,140.35714285714286,18.642857142857142,16.714285714285715,7.642857142857143,7.5,335.64285714285717,1827.0,907.0,17.214285714285715,12.142857142857142,4.214285714285714,16.785714285714285,8.5,385.2142857142857,41.214285714285715,38.5,51.0,229.42857142857142,114.21428571428571,15.071428571428571,14.285714285714286,5.5,7.285714285714286,240.07142857142858,1330.7857142857142,686.4285714285714,11.714285714285714,9.214285714285714,2.5714285714285716,16.214285714285715,9.357142857142858,290.57142857142856,30.0,51.2,14.142857142857142,13.142857142857142,2.142857142857143,20.0,10.857142857142858,0.07142857142857142,44.642857142857146,13.428571428571429,48.9,13.714285714285714,13.5,0.7857142857142857,15.928571428571429,8.571428571428571,0.14285714285714285,40.785714285714285,12.785714285714286
Bahia,53.7,20.2,18.6,15.4,34.0,1.14,0.86,2.0,1.0,1.86,1.44,1.1,2.54,1.33,2.43,0.14285714285714285,0.14285714285714285,2.357142857142857,0.14285714285714285,20.142857142857142,38.857142857142854,46.3,18.3,15.9,11.1,27.1,0.93,0.5,1.43,0.79,1.29,1.3,0.8,2.1,1.14,1.93,0.14285714285714285,0.21428571428571427,3.2142857142857144,0.21428571428571427,18.428571428571427,39.642857142857146,0.93,78.4,28.6,33.3,3.642857142857143,2.642857142857143,0.5,0.2857142857142857,0.21428571428571427,0.21428571428571427,0.14285714285714285,0.07142857142857142,0.0,1.21,70.0,21.4,0.0,3.5714285714285716,2.4285714285714284,0.21428571428571427,0.2857142857142857,0.5,0.14285714285714285,0.14285714285714285,0.0,0.0,14.9,0.25,1.9,0.13,24.6,27.9,46.3,32.3,5.9,2.0,17.2,0.0,0.14285714285714285,0.0,4.071428571428571,11.357142857142858,2.557142857142857,29.857142857142858,4.714285714285714,8.642857142857142,16.928571428571427,1.0,16.2,0.3,0.2,0.02,42.7,37.1,33.3,31.7,5.9,1.64,16.8,0.0,0.0,0.07142857142857142,2.7142857142857144,9.5,2.042857142857143,16.071428571428573,2.7142857142857144,7.928571428571429,13.428571428571429,0.7857142857142857,28.1,12.21,3.43,0.08,0.29,17.8,0.11,-4.2,-4.6,1.1428571428571428,25.5,13.43,3.43,0.06,0.23,19.5,0.09,-5.3,-4.9,0.9285714285714286,7150.357142857143,2386.0,9.071428571428571,31.428571428571427,7.5,2.0,6233.214285714285,2086.8571428571427,9.071428571428571,35.07142857142857,6.071428571428571,2.357142857142857,463.92857142857144,43.785714285714285,13.5,0.8571428571428571,2.7857142857142856,17.642857142857142,15.142857142857142,4.571428571428571,1.3571428571428572,1.5714285714285714,0.0,429.2142857142857,1.2857142857142858,7.785714285714286,389.7142857142857,45.285714285714285,12.285714285714286,1.6428571428571428,2.857142857142857,21.642857142857142,17.357142857142858,5.5,1.4285714285714286,2.7142857142857144,0.07142857142857142,355.7142857142857,1.9285714285714286,6.642857142857143,22.14,2.21,16.571428571428573,1.1428571428571428,1.7142857142857142,1.2142857142857142,1.3571428571428572,0.14285714285714285,1.7142857142857142,0.0,0.2857142857142857,0.07142857142857142,0.14285714285714285,0.0,23.79,1.79,17.214285714285715,1.7142857142857142,1.0714285714285714,1.5714285714285714,1.5,0.7142857142857143,1.3571428571428572,0.07142857142857142,0.07142857142857142,0.07142857142857142,0.21428571428571427,0.0,16.428571428571427,10.428571428571429,7.785714285714286,6.642857142857143,2.0,6.571428571428571,15.642857142857142,3.0,9.071428571428571,9.285714285714286,4.071428571428571,5.214285714285714,7.357142857142857,23.785714285714285,24.785714285714285,0.7142857142857143,16.642857142857142,9.214285714285714,7.5,6.642857142857143,2.5,7.5,16.285714285714285,3.292857142857143,8.785714285714286,9.857142857142858,2.857142857142857,7.0,6.857142857142857,23.5,24.071428571428573,0.5,47.5,40.5,264.42857142857144,159.07142857142858,22.714285714285715,18.5,8.785714285714286,7.5,365.92857142857144,1882.0714285714287,1044.7857142857142,20.142857142857142,15.428571428571429,5.285714285714286,15.0,9.214285714285714,425.2857142857143,38.42857142857143,54.3,39.3,266.07142857142856,134.28571428571428,17.285714285714285,16.714285714285715,9.071428571428571,6.571428571428571,302.2142857142857,1650.357142857143,870.1428571428571,18.428571428571427,12.785714285714286,3.5,11.714285714285714,9.857142857142858,352.85714285714283,39.42857142857143,47.7,12.071428571428571,11.714285714285714,1.2857142857142858,17.642857142857142,7.357142857142857,0.0,38.142857142857146,11.857142857142858,52.3,12.5,11.357142857142858,1.9285714285714286,21.642857142857142,6.857142857142857,0.07142857142857142,37.857142857142854,13.0
Botafogo (RJ),51.2,17.9,17.1,13.6,30.7,1.21,0.86,2.07,1.14,2.0,1.28,0.97,2.25,1.22,2.19,0.07142857142857142,0.07142857142857142,2.142857142857143,0.07142857142857142,16.285714285714285,42.642857142857146,48.8,13.1,13.1,11.3,24.4,0.5,0.43,0.93,0.5,0.93,0.94,0.81,1.75,0.94,1.75,0.0,0.0,2.7857142857142856,0.07142857142857142,17.428571428571427,35.214285714285715,0.5,85.4,64.3,,3.4285714285714284,2.857142857142857,0.5,0.2857142857142857,0.21428571428571427,0.0,0.0,0.0,0.0,1.21,77.8,42.9,0.0,5.142857142857143,3.9285714285714284,0.21428571428571427,0.2857142857142857,0.5,0.07142857142857142,0.07142857142857142,0.0,0.0,11.3,0.24,4.3,0.31,27.9,30.5,27.6,28.6,4.6,0.64,12.7,0.0,0.21428571428571427,0.0,3.857142857142857,9.928571428571429,2.7714285714285714,28.142857142857142,3.2857142857142856,7.5,13.928571428571429,0.6428571428571429,19.8,0.27,2.8,0.2,33.6,33.0,40.4,34.5,8.3,0.64,11.9,0.0,0.07142857142857142,0.0,4.071428571428571,11.642857142857142,2.5,24.857142857142858,4.785714285714286,8.142857142857142,14.571428571428571,1.2142857142857142,34.5,14.71,5.07,0.08,0.23,18.1,0.08,-0.9,-1.1,1.2142857142857142,27.9,12.29,3.43,0.04,0.15,21.0,0.08,-6.1,-6.1,0.5,7561.785714285715,2567.6428571428573,11.642857142857142,35.285714285714285,9.571428571428571,3.4285714285714284,6905.357142857143,2476.1428571428573,9.214285714285714,27.714285714285715,5.214285714285714,1.5714285714285714,451.2857142857143,45.642857142857146,12.642857142857142,1.1428571428571428,3.142857142857143,18.214285714285715,19.5,4.5,2.4285714285714284,1.2857142857142858,0.0,415.07142857142856,1.2142857142857142,7.214285714285714,428.0,47.57142857142857,14.357142857142858,0.5714285714285714,2.642857142857143,17.142857142857142,18.5,4.357142857142857,1.9285714285714286,1.6428571428571428,0.0,397.14285714285717,1.5,7.571428571428571,26.64,2.07,22.071428571428573,1.5714285714285714,0.5,1.3571428571428572,0.8571428571428571,0.2857142857142857,1.7857142857142858,0.07142857142857142,0.0,0.21428571428571427,0.0,0.0,21.21,0.93,15.428571428571429,1.5714285714285714,1.2857142857142858,1.3571428571428572,1.2142857142857142,0.35714285714285715,0.7142857142857143,0.07142857142857142,0.07142857142857142,0.07142857142857142,0.0,0.0,16.285714285714285,10.714285714285714,8.285714285714286,5.857142857142857,2.142857142857143,8.357142857142858,15.928571428571429,3.75,7.571428571428571,9.714285714285714,3.357142857142857,6.357142857142857,7.142857142857143,23.428571428571427,22.928571428571427,0.2857142857142857,13.428571428571429,8.428571428571429,7.071428571428571,5.0,1.3571428571428572,5.928571428571429,12.642857142857142,3.35,6.714285714285714,9.214285714285714,3.0714285714285716,6.142857142857143,9.428571428571429,22.857142857142858,26.428571428571427,0.6428571428571429,47.5,41.9,278.57142857142856,141.28571428571428,23.428571428571427,14.142857142857142,6.714285714285714,5.928571428571429,356.57142857142856,1700.0,909.1428571428571,16.285714285714285,12.357142857142858,4.142857142857143,14.285714285714286,7.428571428571429,411.2857142857143,42.5,43.6,48.1,268.2142857142857,126.42857142857143,16.5,17.357142857142858,7.571428571428571,8.357142857142858,341.7142857142857,1726.7857142857142,862.7142857142857,17.428571428571427,12.714285714285714,3.9285714285714284,14.857142857142858,7.928571428571429,392.2857142857143,34.714285714285715,51.0,14.0,11.0,1.2142857142857142,18.214285714285715,7.142857142857143,0.0,39.142857142857146,13.0,49.3,11.928571428571429,13.285714285714286,1.5,17.142857142857142,9.428571428571429,0.0,39.142857142857146,12.571428571428571
Ceará,42.1,14.6,13.8,10.9,24.7,1.0,0.79,1.79,0.93,1.71,1.04,0.78,1.82,0.99,1.77,0.07142857142857142,0.07142857142857142,2.2142857142857144,0.0,10.928571428571429,27.5,57.9,15.4,13.8,10.1,23.9,0.93,0.43,1.36,0.79,1.21,1.1,0.72,1.82,0.99,1.71,0.14285714285714285,0.14285714285714285,2.4285714285714284,0.07142857142857142,15.785714285714286,42.5,0.93,78.8,35.7,0.0,3.7142857142857144,2.7857142857142856,0.35714285714285715,0.21428571428571427,0.42857142857142855,0.14285714285714285,0.14285714285714285,0.0,0.0,1.0,74.0,35.7,0.0,3.5714285714285716,2.5714285714285716,0.42857142857142855,0.21428571428571427,0.35714285714285715,0.07142857142857142,0.07142857142857142,0.0,0.0,15.0,0.26,2.0,0.14,52.4,39.5,58.7,46.8,5.1,1.07,13.0,0.0,0.07142857142857142,0.0,5.142857142857143,16.785714285714285,2.185714285714286,22.357142857142858,3.0,8.642857142857142,18.357142857142858,0.9285714285714286,15.3,0.29,1.3,0.1,32.9,31.6,32.3,31.0,7.2,0.57,11.7,0.0,0.14285714285714285,0.0,3.5714285714285716,8.928571428571429,2.857142857142857,20.642857142857142,3.7142857142857144,6.642857142857143,14.785714285714286,1.0714285714285714,30.6,11.43,3.5,0.08,0.27,19.9,0.09,-0.6,-0.8,1.0,29.4,12.14,3.57,0.06,0.22,19.1,0.08,-2.4,-2.8,0.9285714285714286,5203.785714285715,2102.714285714286,8.142857142857142,22.5,6.0,2.7857142857142856,7069.928571428572,2404.1428571428573,8.714285714285714,36.42857142857143,7.642857142857143,2.7142857142857144,310.42857142857144,51.285714285714285,17.142857142857142,0.7857142857142857,2.5,18.0,19.642857142857142,3.9285714285714284,2.2142857142857144,1.2857142857142858,0.0,272.07142857142856,2.5,8.0,454.0,48.42857142857143,15.571428571428571,1.1428571428571428,2.7857142857142856,22.285714285714285,18.785714285714285,5.5,2.2857142857142856,2.2142857142857144,0.0,410.07142857142856,3.0,8.428571428571429,18.93,1.71,13.142857142857142,2.142857142857143,0.8571428571428571,1.0,1.4285714285714286,0.35714285714285715,1.3571428571428572,0.14285714285714285,0.14285714285714285,0.07142857142857142,0.0,0.0,21.57,1.36,16.071428571428573,1.5,0.9285714285714286,1.2857142857142858,1.3571428571428572,0.42857142857142855,1.0,0.0,0.07142857142857142,0.21428571428571427,0.07142857142857142,0.0,16.571428571428573,10.428571428571429,7.857142857142857,7.214285714285714,1.5,7.214285714285714,13.214285714285714,3.9,6.0,10.5,3.2857142857142856,7.214285714285714,7.0,23.571428571428573,29.928571428571427,0.7857142857142857,15.142857142857142,9.785714285714286,5.785714285714286,6.928571428571429,2.4285714285714284,6.571428571428571,12.214285714285714,3.8428571428571425,5.642857142857143,8.857142857142858,2.142857142857143,6.714285714285714,7.857142857142857,23.0,27.142857142857142,0.42857142857142855,40.1,46.7,220.0,95.35714285714286,15.928571428571429,14.071428571428571,5.642857142857143,6.571428571428571,229.21428571428572,1161.0714285714287,572.2857142857143,10.928571428571429,9.0,2.2857142857142856,15.428571428571429,8.571428571428571,269.5,27.142857142857142,39.1,47.0,303.35714285714283,150.71428571428572,17.642857142857142,15.357142857142858,6.0,7.214285714285714,351.92857142857144,1792.4285714285713,952.6428571428571,15.785714285714286,11.357142857142858,2.5,16.142857142857142,9.357142857142858,406.57142857142856,42.285714285714285,47.5,13.785714285714286,14.571428571428571,2.5,18.0,7.0,0.0,37.285714285714285,15.5,52.5,15.357142857142858,13.0,3.0,22.285714285714285,7.857142857142857,0.0,39.857142857142854,17.142857142857142
Corinthians,58.5,17.1,16.0,12.1,28.1,0.93,0.6,1.53,0.87,1.47,1.14,0.81,1.95,1.07,1.87,0.06666666666666667,0.13333333333333333,3.0,0.0,13.933333333333334,42.13333333333333,41.5,19.0,16.6,11.2,27.8,1.27,0.8,2.07,1.07,1.87,1.26,0.74,2.01,1.11,1.85,0.2,0.2,3.2,0.2,14.333333333333334,29.066666666666666,1.27,70.4,33.3,0.0,3.6,2.3333333333333335,0.3333333333333333,0.26666666666666666,0.4,0.2,0.2,0.0,0.0,1.0,70.8,40.0,50.0,3.2,2.2,0.4,0.26666666666666666,0.3333333333333333,0.13333333333333333,0.06666666666666667,0.06666666666666667,0.0,19.2,0.31,0.2,0.01,28.2,31.3,26.2,30.0,3.7,0.27,11.5,0.0,0.06666666666666667,0.0,3.2666666666666666,7.266666666666667,3.0,19.133333333333333,3.6,7.133333333333334,10.8,0.4,17.3,0.33,3.3,0.22,45.5,38.0,41.3,35.2,2.9,0.73,13.5,0.0,0.13333333333333333,0.06666666666666667,2.6666666666666665,10.133333333333333,1.7533333333333334,15.666666666666666,2.066666666666667,7.266666666666667,14.0,0.4,29.5,10.4,3.07,0.08,0.28,18.0,0.11,-3.1,-3.0,0.9333333333333333,29.7,11.47,3.4,0.09,0.31,19.5,0.1,0.0,-0.6,1.2666666666666666,8940.466666666667,2803.2,8.266666666666667,38.0,5.6,1.4,5543.933333333333,1944.4666666666667,7.933333333333334,24.066666666666666,5.733333333333333,1.4,509.06666666666666,49.666666666666664,15.933333333333334,1.1333333333333333,3.533333333333333,17.866666666666667,19.733333333333334,4.666666666666667,2.0,2.1333333333333333,0.0,477.3333333333333,1.6,9.066666666666666,352.53333333333336,44.733333333333334,13.866666666666667,0.4666666666666667,2.466666666666667,14.533333333333333,17.4,4.2,0.9333333333333333,2.2,0.0,319.8,1.2666666666666666,6.666666666666667,18.8,1.8,13.533333333333333,1.5333333333333334,1.0,1.4666666666666666,1.0,0.26666666666666666,1.4666666666666666,0.06666666666666667,0.13333333333333333,0.06666666666666667,0.06666666666666667,0.0,19.13,2.07,13.6,1.8666666666666667,0.8,1.0666666666666667,1.4666666666666666,0.3333333333333333,1.1333333333333333,0.13333333333333333,0.26666666666666666,0.26666666666666666,0.26666666666666666,0.0,14.733333333333333,9.866666666666667,6.8,5.8,2.1333333333333333,7.933333333333334,14.466666666666667,3.6533333333333333,6.533333333333333,8.466666666666667,2.6666666666666665,5.8,7.933333333333334,22.666666666666668,19.0,0.4666666666666667,16.4,11.6,7.733333333333333,6.733333333333333,1.9333333333333333,8.066666666666666,14.2,3.7866666666666666,6.133333333333334,9.866666666666667,2.3333333333333335,7.533333333333333,9.866666666666667,26.266666666666666,23.2,0.4,40.5,53.3,337.6666666666667,131.46666666666667,14.333333333333334,15.133333333333333,6.133333333333334,8.066666666666666,395.73333333333335,1850.8666666666666,913.5333333333333,13.933333333333334,11.066666666666666,3.066666666666667,14.066666666666666,8.333333333333334,473.3333333333333,41.86666666666667,41.2,50.0,234.26666666666668,114.6,16.8,15.866666666666667,6.533333333333333,7.933333333333334,272.6,1416.8666666666666,723.8666666666667,14.333333333333334,11.133333333333333,3.6,10.466666666666667,6.8,317.8,28.733333333333334,52.2,13.4,14.666666666666666,1.6,17.866666666666667,7.933333333333334,0.0,39.46666666666667,10.066666666666666,47.8,15.466666666666667,12.933333333333334,1.2666666666666666,14.533333333333333,9.866666666666667,0.06666666666666667,41.06666666666667,9.2
Cruzeiro,44.7,20.9,18.5,16.1,34.6,1.73,1.53,3.27,1.67,3.2,1.39,1.07,2.47,1.24,2.31,0.06666666666666667,0.2,2.466666666666667,0.13333333333333333,13.4,30.533333333333335,55.3,13.3,12.5,10.1,22.7,0.6,0.6,1.2,0.6,1.2,0.89,0.68,1.56,0.83,1.51,0.0,0.06666666666666667,2.3333333333333335,0.06666666666666667,17.466666666666665,40.0,0.6,84.5,53.3,100.0,3.8666666666666667,3.2,0.6666666666666666,0.2,0.13333333333333333,0.06666666666666667,0.0,0.06666666666666667,0.0,1.8,64.9,26.7,66.7,4.933333333333334,3.066666666666667,0.13333333333333333,0.2,0.6666666666666666,0.2,0.06666666666666667,0.13333333333333333,0.0,13.5,0.22,4.5,0.3,41.4,23.4,31.9,33.8,2.1,0.6,8.0,0.0,0.13333333333333333,0.0,2.8666666666666667,7.666666666666667,2.493333333333333,12.733333333333333,2.533333333333333,7.533333333333333,16.133333333333333,0.3333333333333333,23.2,0.28,-2.8,-0.19,31.4,33.5,30.8,30.1,3.6,1.0,14.9,0.0,0.3333333333333333,0.06666666666666667,3.933333333333333,9.6,2.7333333333333334,22.733333333333334,4.8,8.0,14.933333333333334,0.5333333333333333,34.1,13.87,4.73,0.12,0.35,18.6,0.09,5.1,6.5,1.7333333333333334,28.8,13.2,3.8,0.05,0.16,18.1,0.06,-4.3,-3.5,0.6,5117.0,1966.8,10.6,26.266666666666666,6.466666666666667,2.2666666666666666,7009.266666666666,2425.0666666666666,10.0,31.666666666666668,7.733333333333333,2.933333333333333,332.73333333333335,49.266666666666666,13.6,1.2666666666666666,1.6,18.933333333333334,20.866666666666667,5.666666666666667,1.3333333333333333,1.6666666666666667,0.0,296.4,1.6666666666666667,8.533333333333333,422.53333333333336,54.93333333333333,15.733333333333333,0.9333333333333333,5.666666666666667,21.466666666666665,22.4,6.0,2.3333333333333335,2.066666666666667,0.0,388.8,1.0,10.333333333333334,24.4,2.73,16.733333333333334,2.933333333333333,0.9333333333333333,2.0,1.4,0.4,1.7333333333333334,0.13333333333333333,0.13333333333333333,0.6,0.13333333333333333,0.0,23.2,1.13,15.8,2.6,1.4666666666666666,1.4666666666666666,1.6,0.26666666666666666,0.9333333333333333,0.0,0.13333333333333333,0.06666666666666667,0.0,0.0,18.866666666666667,12.0,8.866666666666667,7.933333333333334,2.066666666666667,10.866666666666667,19.066666666666666,3.8,8.2,11.466666666666667,3.2,8.266666666666667,7.933333333333334,26.8,31.066666666666666,0.13333333333333333,17.0,11.2,7.133333333333334,7.466666666666667,2.4,9.533333333333333,16.866666666666667,3.7666666666666666,7.333333333333333,10.133333333333333,3.066666666666667,7.066666666666666,7.8,24.8,25.066666666666666,0.4,39.9,51.8,229.6,122.13333333333334,18.333333333333332,18.4,7.333333333333333,9.533333333333333,262.93333333333334,1308.9333333333334,692.2666666666667,13.4,8.933333333333334,3.6,14.333333333333334,7.333333333333333,293.3333333333333,30.2,39.4,52.2,276.3333333333333,144.06666666666666,21.2,20.8,8.2,10.866666666666667,337.8666666666667,1700.4666666666667,839.1333333333333,17.466666666666665,10.466666666666667,4.133333333333334,16.2,7.866666666666666,385.53333333333336,39.53333333333333,47.3,14.733333333333333,12.8,1.6666666666666667,18.933333333333334,7.933333333333334,0.0,41.53333333333333,11.2,52.7,13.6,14.266666666666667,1.0,21.466666666666665,7.8,0.06666666666666667,37.46666666666667,12.466666666666667
Flamengo,61.6,21.1,18.6,14.7,33.3,1.93,1.43,3.36,1.79,3.21,1.51,1.05,2.56,1.33,2.38,0.14285714285714285,0.21428571428571427,1.5714285714285714,0.07142857142857142,16.857142857142858,52.642857142857146,38.4,8.1,6.4,4.9,11.4,0.36,0.29,0.64,0.36,0.64,0.58,0.35,0.93,0.46,0.81,0.0,0.14285714285714285,2.0714285714285716,0.0,11.071428571428571,23.714285714285715,0.36,86.1,71.4,100.0,2.5714285714285716,2.0714285714285716,0.6428571428571429,0.21428571428571427,0.14285714285714285,0.14285714285714285,0.0,0.14285714285714285,0.0,1.93,69.5,21.4,33.3,5.857142857142857,3.857142857142857,0.14285714285714285,0.21428571428571427,0.6428571428571429,0.21428571428571427,0.14285714285714285,0.07142857142857142,0.0,6.2,0.12,1.2,0.08,26.3,29.5,21.1,26.3,8.6,0.71,13.0,0.0,0.0,0.0,2.9285714285714284,7.428571428571429,2.814285714285714,24.214285714285715,2.7857142857142856,5.071428571428571,10.857142857142858,0.9285714285714286,26.6,0.29,-0.4,-0.03,32.2,32.6,30.7,30.8,5.1,0.57,13.3,0.0,0.14285714285714285,0.0,3.9285714285714284,10.571428571428571,2.6571428571428575,25.928571428571427,3.7857142857142856,7.214285714285714,15.357142857142858,0.7857142857142857,41.8,13.5,5.64,0.13,0.32,18.0,0.1,5.9,6.4,1.9285714285714286,30.6,7.93,2.43,0.05,0.15,19.9,0.06,-3.1,-1.4,0.35714285714285715,9267.07142857143,2862.0714285714284,10.714285714285714,47.57142857142857,9.642857142857142,1.8571428571428572,5618.214285714285,1955.7857142857142,5.714285714285714,19.5,3.7142857142857144,1.7142857142857142,566.5,44.285714285714285,13.928571428571429,1.5,3.9285714285714284,18.714285714285715,17.571428571428573,6.357142857142857,2.857142857142857,2.4285714285714284,0.0,532.8571428571429,1.2857142857142858,8.285714285714286,336.2857142857143,41.285714285714285,13.285714285714286,0.2857142857142857,3.4285714285714284,13.214285714285714,15.285714285714286,2.642857142857143,0.9285714285714286,0.8571428571428571,0.0,305.07142857142856,1.6428571428571428,6.357142857142857,23.64,3.36,18.0,1.8571428571428572,1.3571428571428572,1.4285714285714286,0.7857142857142857,0.21428571428571427,2.142857142857143,0.21428571428571427,0.21428571428571427,0.35714285714285715,0.2857142857142857,0.14285714285714285,14.36,0.57,10.0,1.1428571428571428,1.0,1.0714285714285714,0.9285714285714286,0.21428571428571427,0.42857142857142855,0.0,0.07142857142857142,0.07142857142857142,0.0,0.0,14.785714285714286,10.428571428571429,5.642857142857143,6.357142857142857,2.7857142857142856,5.428571428571429,11.857142857142858,3.2714285714285714,6.428571428571429,8.142857142857142,2.357142857142857,5.785714285714286,6.857142857142857,21.642857142857142,14.857142857142858,0.5,17.928571428571427,10.785714285714286,10.071428571428571,6.357142857142857,1.5,8.285714285714286,16.928571428571427,3.492857142857143,8.642857142857142,10.285714285714286,3.2142857142857144,7.071428571428571,7.285714285714286,25.214285714285715,27.142857142857142,0.5,47.6,45.7,345.0,191.85714285714286,23.785714285714285,18.142857142857142,8.642857142857142,8.285714285714286,422.5,2045.9285714285713,1037.642857142857,16.857142857142858,14.714285714285714,4.142857142857143,15.785714285714286,9.571428571428571,526.9285714285714,52.285714285714285,52.0,43.9,202.28571428571428,81.64285714285714,10.428571428571429,12.357142857142858,6.428571428571429,5.428571428571429,261.2857142857143,1252.0,593.2857142857143,11.071428571428571,8.285714285714286,1.8571428571428572,15.071428571428571,9.428571428571429,302.92857142857144,23.714285714285715,51.7,12.642857142857142,12.214285714285714,1.2857142857142858,18.714285714285715,6.857142857142857,0.0,41.142857142857146,11.071428571428571,48.5,12.714285714285714,11.857142857142858,1.6428571428571428,13.214285714285714,7.285714285714286,0.0,37.142857142857146,10.357142857142858
Fluminense,55.3,14.3,13.6,10.8,24.4,1.08,0.62,1.69,1.0,1.62,1.1,0.83,1.93,1.04,1.87,0.07692307692307693,0.07692307692307693,1.6153846153846154,0.0,16.46153846153846,38.69230769230769,44.7,11.2,11.2,8.4,19.6,1.15,0.85,2.0,1.15,2.0,0.86,0.65,1.51,0.86,1.51,0.0,0.0,2.4615384615384617,0.0,14.538461538461538,34.76923076923077,1.15,67.4,23.1,,3.5384615384615383,2.3846153846153846,0.46153846153846156,0.15384615384615385,0.38461538461538464,0.0,0.0,0.0,0.0,1.15,73.1,30.8,0.0,4.0,2.923076923076923,0.38461538461538464,0.15384615384615385,0.46153846153846156,0.07692307692307693,0.07692307692307693,0.0,0.0,13.7,0.31,-1.3,-0.1,24.2,28.7,24.7,24.0,6.3,0.38,12.2,0.0,0.38461538461538464,0.0,1.9230769230769231,5.3076923076923075,2.784615384615385,15.23076923076923,4.153846153846154,6.538461538461538,13.461538461538462,0.8461538461538461,14.3,0.27,0.3,0.03,34.4,33.6,38.7,34.1,3.3,0.85,13.4,0.0,0.07692307692307693,0.07692307692307693,3.076923076923077,10.538461538461538,2.246153846153846,21.46153846153846,3.230769230769231,8.153846153846153,14.076923076923077,0.46153846153846156,30.0,13.08,3.92,0.08,0.25,19.2,0.08,-0.3,-0.6,1.0769230769230769,35.1,10.08,3.54,0.11,0.33,18.7,0.09,3.8,3.8,1.1538461538461537,7728.0,2562.5384615384614,9.384615384615385,33.69230769230769,8.23076923076923,2.769230769230769,6393.615384615385,2114.769230769231,7.538461538461538,29.615384615384617,4.923076923076923,1.0,502.7692307692308,51.30769230769231,16.53846153846154,0.8461538461538461,4.461538461538462,18.46153846153846,21.53846153846154,4.538461538461538,0.6153846153846154,2.0,0.0,467.7692307692308,0.6923076923076923,7.846153846153846,401.6923076923077,43.76923076923077,11.23076923076923,1.2307692307692308,2.1538461538461537,17.615384615384617,16.692307692307693,5.538461538461538,2.5384615384615383,2.5384615384615383,0.07692307692307693,363.46153846153845,1.9230769230769231,7.538461538461538,23.77,1.77,17.692307692307693,1.8461538461538463,1.0769230769230769,1.5384615384615385,1.3076923076923077,0.3076923076923077,0.9230769230769231,0.15384615384615385,0.23076923076923078,0.23076923076923078,0.15384615384615385,0.07692307692307693,17.62,1.92,11.846153846153847,2.076923076923077,1.3846153846153846,1.0769230769230769,0.8461538461538461,0.38461538461538464,1.0769230769230769,0.3076923076923077,0.07692307692307693,0.3076923076923077,0.15384615384615385,0.0,15.384615384615385,10.153846153846153,7.076923076923077,5.923076923076923,2.3846153846153846,7.230769230769231,14.307692307692308,3.8846153846153846,7.076923076923077,8.846153846153847,2.3846153846153846,6.461538461538462,6.384615384615385,21.76923076923077,24.384615384615383,0.5384615384615384,18.307692307692307,11.307692307692308,9.153846153846153,6.846153846153846,2.3076923076923075,7.3076923076923075,14.923076923076923,3.769230769230769,7.615384615384615,9.23076923076923,2.8461538461538463,6.384615384615385,9.538461538461538,27.846153846153847,26.384615384615383,0.46153846153846156,45.0,43.2,314.7692307692308,157.15384615384616,20.0,16.923076923076923,7.615384615384615,7.3076923076923075,394.61538461538464,1757.3076923076924,854.9230769230769,16.46153846153846,11.76923076923077,4.0,13.846153846153847,11.0,464.9230769230769,38.38461538461539,44.4,45.4,267.6923076923077,117.23076923076923,15.384615384615385,15.923076923076923,7.076923076923077,7.230769230769231,305.3076923076923,1630.923076923077,837.6153846153846,14.538461538461538,10.538461538461538,4.153846153846154,14.076923076923077,8.153846153846153,360.46153846153845,34.23076923076923,50.2,10.846153846153847,14.615384615384615,0.6923076923076923,18.46153846153846,6.384615384615385,0.0,37.23076923076923,12.692307692307692,49.8,15.307692307692308,10.538461538461538,1.9230769230769231,17.615384615384617,9.538461538461538,0.07692307692307693,38.07692307692308,12.615384615384615
Fortaleza,46.4,16.6,14.3,11.1,25.4,0.93,0.71,1.64,0.79,1.5,1.18,0.79,1.98,1.02,1.81,0.14285714285714285,0.21428571428571427,2.7142857142857144,0.2857142857142857,14.714285714285714,33.92857142857143,53.6,20.4,19.6,15.7,35.3,1.36,1.14,2.5,1.36,2.5,1.45,1.12,2.58,1.4,2.52,0.0,0.07142857142857142,1.8571428571428572,0.07142857142857142,17.642857142857142,38.642857142857146,1.43,71.0,35.7,100.0,4.928571428571429,3.5,0.14285714285714285,0.35714285714285715,0.5,0.07142857142857142,0.0,0.07142857142857142,0.0,0.93,77.6,50.0,33.3,3.5,2.5,0.5,0.35714285714285715,0.14285714285714285,0.21428571428571427,0.14285714285714285,0.07142857142857142,0.0,21.7,0.31,2.7,0.19,37.3,34.4,51.5,41.6,6.0,0.93,15.7,0.0,0.14285714285714285,0.07142857142857142,4.285714285714286,11.642857142857142,2.6285714285714286,21.071428571428573,5.071428571428571,7.357142857142857,11.857142857142858,0.7142857142857143,14.9,0.26,1.9,0.13,37.0,33.5,40.4,35.0,2.9,0.79,14.5,0.0,0.21428571428571427,0.0,3.7857142857142856,11.285714285714286,2.392857142857143,22.0,3.2857142857142856,7.785714285714286,17.214285714285715,0.5,25.6,12.86,3.29,0.06,0.24,19.8,0.08,-3.6,-3.3,0.9285714285714286,37.0,13.14,4.86,0.1,0.28,18.5,0.11,-1.4,-0.6,1.3571428571428572,5835.5,2127.3571428571427,9.357142857142858,27.714285714285715,6.071428571428571,2.0714285714285716,6948.285714285715,2430.1428571428573,9.642857142857142,29.928571428571427,6.642857142857143,1.6428571428571428,365.85714285714283,48.214285714285715,13.642857142857142,0.6428571428571429,2.2142857142857144,21.714285714285715,18.285714285714285,6.5,1.7142857142857142,3.5,0.14285714285714285,325.92857142857144,2.4285714285714284,7.214285714285714,437.5,49.285714285714285,14.642857142857142,1.3571428571428572,2.0714285714285716,16.0,20.5,4.428571428571429,1.6428571428571428,1.6428571428571428,0.07142857142857142,400.92857142857144,2.5714285714285716,8.428571428571429,23.14,1.64,15.285714285714286,3.142857142857143,0.8571428571428571,1.7142857142857142,1.7857142857142858,0.35714285714285715,1.1428571428571428,0.14285714285714285,0.0,0.21428571428571427,0.14285714285714285,0.0,23.64,2.5,17.714285714285715,1.2857142857142858,1.5714285714285714,1.5714285714285714,1.0,0.5,1.9285714285714286,0.14285714285714285,0.14285714285714285,0.14285714285714285,0.07142857142857142,0.07142857142857142,18.642857142857142,10.714285714285714,9.285714285714286,7.285714285714286,2.0714285714285716,10.642857142857142,19.785714285714285,3.8428571428571425,9.142857142857142,10.0,3.0,7.0,7.928571428571429,26.571428571428573,25.785714285714285,0.5714285714285714,14.428571428571429,9.214285714285714,6.928571428571429,5.857142857142857,1.6428571428571428,6.5,12.857142857142858,3.6142857142857143,6.357142857142857,9.0,4.071428571428571,4.928571428571429,6.428571428571429,20.857142857142858,28.642857142857142,1.0714285714285714,43.4,44.4,253.78571428571428,123.42857142857143,18.214285714285715,14.642857142857142,6.357142857142857,6.5,282.2857142857143,1478.642857142857,766.9285714285714,14.714285714285714,8.928571428571429,3.7857142857142856,13.428571428571429,7.928571428571429,323.0,33.57142857142857,41.0,47.8,283.85714285714283,131.21428571428572,20.071428571428573,22.285714285714285,9.142857142857142,10.642857142857142,352.42857142857144,1742.142857142857,918.5,17.642857142857142,12.357142857142858,4.142857142857143,13.571428571428571,7.928571428571429,397.5,38.285714285714285,50.0,13.071428571428571,11.357142857142858,2.4285714285714284,21.714285714285715,7.928571428571429,0.07142857142857142,36.785714285714285,12.785714285714286,50.0,12.071428571428571,11.785714285714286,2.5714285714285716,16.0,6.428571428571429,0.0,39.5,12.785714285714286
Grêmio,43.6,14.5,12.9,9.8,22.7,0.93,0.57,1.5,0.79,1.36,1.03,0.7,1.73,0.92,1.62,0.14285714285714285,0.14285714285714285,3.0714285714285716,0.07142857142857142,12.642857142857142,26.285714285714285,56.4,21.3,18.2,13.5,31.7,1.43,0.86,2.29,1.14,2.0,1.52,0.96,2.48,1.3,2.26,0.2857142857142857,0.2857142857142857,2.642857142857143,0.0,17.785714285714285,42.285714285714285,1.43,76.1,21.4,0.0,4.785714285714286,3.357142857142857,0.2857142857142857,0.35714285714285715,0.35714285714285715,0.2857142857142857,0.2857142857142857,0.0,0.0,1.0,79.3,14.3,0.0,4.142857142857143,3.2142857142857144,0.35714285714285715,0.35714285714285715,0.2857142857142857,0.14285714285714285,0.14285714285714285,0.0,0.0,24.3,0.32,4.3,0.31,52.5,40.3,58.1,44.8,4.0,0.57,11.6,0.07142857142857142,0.14285714285714285,0.0,7.357142857142857,16.214285714285715,3.242857142857143,21.642857142857142,2.5714285714285716,8.357142857142858,18.0,0.7142857142857143,17.0,0.26,4.0,0.29,25.9,30.0,30.5,32.3,1.7,1.79,17.4,0.0,0.07142857142857142,0.07142857142857142,2.5714285714285716,7.214285714285714,2.542857142857143,21.0,3.7857142857142856,5.857142857142857,12.428571428571429,0.21428571428571427,35.7,11.21,4.0,0.07,0.2,19.1,0.09,-1.5,-1.9,0.9285714285714286,29.9,15.07,4.5,0.08,0.25,19.1,0.09,-1.3,-2.2,1.4285714285714286,5617.142857142857,2079.4285714285716,8.357142857142858,26.357142857142858,4.928571428571429,2.0,7528.5,2531.5714285714284,10.714285714285714,37.285714285714285,8.0,2.357142857142857,339.57142857142856,48.714285714285715,14.428571428571429,0.7142857142857143,2.4285714285714284,15.357142857142858,19.5,4.142857142857143,1.5714285714285714,2.0,0.0,301.64285714285717,0.9285714285714286,7.428571428571429,457.2857142857143,48.785714285714285,13.357142857142858,0.9285714285714286,3.142857142857143,22.285714285714285,20.642857142857142,6.928571428571429,3.357142857142857,2.357142857142857,0.07142857142857142,419.57142857142856,2.0714285714285716,7.785714285714286,19.36,1.57,13.071428571428571,1.7142857142857142,1.2142857142857142,1.9285714285714286,1.1428571428571428,0.2857142857142857,0.8571428571428571,0.14285714285714285,0.14285714285714285,0.14285714285714285,0.21428571428571427,0.07142857142857142,26.29,2.36,18.571428571428573,2.5714285714285716,1.2142857142857142,2.357142857142857,1.2142857142857142,0.35714285714285715,1.5,0.21428571428571427,0.07142857142857142,0.21428571428571427,0.35714285714285715,0.0,18.714285714285715,12.357142857142858,9.857142857142858,6.571428571428571,2.2857142857142856,10.714285714285714,17.357142857142858,4.4071428571428575,6.642857142857143,11.0,4.428571428571429,6.571428571428571,9.357142857142858,28.071428571428573,30.714285714285715,0.42857142857142855,18.357142857142858,11.285714285714286,8.142857142857142,8.0,2.2142857142857144,8.714285714285714,17.357142857142858,3.585714285714286,8.642857142857142,9.357142857142858,2.7857142857142856,6.571428571428571,8.785714285714286,27.142857142857142,23.214285714285715,0.5,46.0,46.4,230.85714285714286,110.07142857142857,15.142857142857142,18.785714285714285,8.642857142857142,8.714285714285714,257.5,1396.642857142857,711.7857142857143,12.642857142857142,10.285714285714286,2.7857142857142856,14.214285714285714,9.642857142857142,298.7142857142857,26.071428571428573,34.6,55.8,295.85714285714283,153.21428571428572,23.285714285714285,19.214285714285715,6.642857142857143,10.714285714285714,357.07142857142856,1890.2857142857142,973.6428571428571,17.785714285714285,11.785714285714286,5.071428571428571,15.714285714285714,8.0,416.07142857142856,41.92857142857143,55.9,13.5,12.785714285714286,0.9285714285714286,15.357142857142858,9.357142857142858,0.0,37.214285714285715,15.642857142857142,44.1,13.142857142857142,12.571428571428571,2.0714285714285716,22.285714285714285,8.785714285714286,0.07142857142857142,40.42857142857143,12.357142857142858
Internacional,54.1,18.1,17.4,14.7,32.0,1.0,0.86,1.86,0.93,1.79,1.29,1.05,2.34,1.24,2.29,0.07142857142857142,0.07142857142857142,1.7857142857142858,0.14285714285714285,16.214285714285715,43.5,45.9,14.7,14.3,11.9,26.2,1.14,1.0,2.14,1.07,2.07,1.05,0.85,1.91,1.02,1.87,0.07142857142857142,0.07142857142857142,2.4285714285714284,0.21428571428571427,11.071428571428571,30.0,1.29,63.0,28.6,0.0,3.2857142857142856,2.142857142857143,0.2857142857142857,0.35714285714285715,0.35714285714285715,0.07142857142857142,0.07142857142857142,0.0,0.0,1.0,79.4,35.7,0.0,4.5,3.5,0.35714285714285715,0.35714285714285715,0.2857142857142857,0.07142857142857142,0.07142857142857142,0.0,0.0,12.9,0.27,-3.1,-0.22,36.3,34.6,36.7,32.3,3.1,1.0,11.0,0.0,0.07142857142857142,0.14285714285714285,2.7142857142857144,8.785714285714286,2.207142857142857,17.714285714285715,2.5,6.428571428571429,11.357142857142858,0.35714285714285715,16.6,0.25,2.6,0.18,40.3,35.6,32.0,30.9,5.9,0.71,13.4,0.0,0.2857142857142857,0.0,4.857142857142857,11.5,3.0142857142857147,22.714285714285715,4.571428571428571,7.357142857142857,15.857142857142858,0.9285714285714286,31.2,14.21,4.43,0.07,0.21,19.1,0.09,-4.1,-4.4,1.0,29.0,11.07,3.21,0.1,0.33,18.8,0.1,1.3,0.7,1.1428571428571428,7495.5,2548.785714285714,10.714285714285714,34.714285714285715,7.714285714285714,2.2142857142857144,6501.857142857143,2337.785714285714,8.571428571428571,27.0,5.785714285714286,2.2857142857142856,466.42857142857144,50.214285714285715,13.785714285714286,0.7142857142857143,2.7142857142857144,20.142857142857142,22.0,5.714285714285714,2.642857142857143,2.0714285714285716,0.0,428.35714285714283,1.6428571428571428,7.5,385.64285714285717,49.5,14.642857142857142,1.0714285714285714,4.071428571428571,14.785714285714286,21.785714285714285,3.7142857142857144,2.0714285714285716,0.9285714285714286,0.07142857142857142,351.2857142857143,3.0714285714285716,9.357142857142858,24.71,1.79,17.142857142857142,2.2142857142857144,1.8571428571428572,1.4285714285714286,1.5,0.5714285714285714,1.0,0.21428571428571427,0.42857142857142855,0.14285714285714285,0.0,0.0,19.71,2.21,15.142857142857142,1.0714285714285714,1.0714285714285714,1.2142857142857142,0.9285714285714286,0.2857142857142857,1.7857142857142858,0.0,0.2857142857142857,0.07142857142857142,0.07142857142857142,0.0,19.357142857142858,12.428571428571429,6.785714285714286,9.857142857142858,2.7142857142857144,8.857142857142858,17.642857142857142,3.585714285714286,8.785714285714286,11.214285714285714,2.857142857142857,8.357142857142858,8.0,27.357142857142858,23.214285714285715,0.7857142857142857,18.285714285714285,13.785714285714286,8.857142857142858,7.5,1.9285714285714286,7.071428571428571,16.071428571428573,3.142857142857143,9.0,10.642857142857142,4.285714285714286,6.357142857142857,9.571428571428571,27.857142857142858,28.642857142857142,0.35714285714285715,51.6,40.6,326.57142857142856,155.07142857142858,19.857142857142858,17.428571428571427,9.0,7.071428571428571,362.7857142857143,1722.142857142857,836.1428571428571,16.214285714285715,12.5,3.857142857142857,15.214285714285714,11.214285714285714,425.35714285714283,43.214285714285715,46.4,46.8,262.2857142857143,102.92857142857143,14.571428571428571,18.928571428571427,8.785714285714286,8.857142857142858,308.57142857142856,1442.857142857143,697.1428571428571,11.071428571428571,9.0,2.7142857142857144,16.071428571428573,10.5,348.0,29.857142857142858,49.6,13.857142857142858,10.571428571428571,1.6428571428571428,20.142857142857142,8.0,0.14285714285714285,43.0,13.428571428571429,50.5,11.571428571428571,13.214285714285714,3.0714285714285716,14.785714285714286,9.571428571428571,0.0,41.07142857142857,13.714285714285714
Juventude,45.6,8.0,8.0,6.5,14.5,0.77,0.62,1.38,0.77,1.38,0.62,0.5,1.12,0.62,1.12,0.0,0.0,2.5384615384615383,0.0,10.538461538461538,27.46153846153846,54.4,23.8,20.4,16.8,37.3,2.08,1.62,3.69,1.85,3.46,1.83,1.29,3.12,1.57,2.87,0.23076923076923078,0.3076923076923077,2.4615384615384617,0.07692307692307693,16.0,40.61538461538461,2.15,70.9,15.4,25.0,6.615384615384615,4.461538461538462,0.23076923076923078,0.15384615384615385,0.6153846153846154,0.3076923076923077,0.23076923076923078,0.07692307692307693,0.0,0.77,72.2,53.8,,2.769230769230769,2.0,0.6153846153846154,0.15384615384615385,0.23076923076923078,0.0,0.0,0.0,0.0,26.2,0.27,-0.8,-0.06,30.0,34.0,32.3,29.8,4.8,0.38,11.7,0.07692307692307693,0.3076923076923077,0.07692307692307693,2.6153846153846154,9.076923076923077,2.2153846153846155,22.076923076923077,5.076923076923077,7.615384615384615,14.538461538461538,0.6923076923076923,7.6,0.21,-2.4,-0.18,38.4,35.7,31.2,33.0,2.5,0.92,15.8,0.0,0.07692307692307693,0.0,3.230769230769231,10.538461538461538,2.3615384615384616,21.615384615384617,3.3076923076923075,7.153846153846154,12.076923076923077,0.3076923076923077,28.8,9.62,2.77,0.08,0.28,20.8,0.07,2.0,2.0,0.7692307692307693,37.3,16.92,6.31,0.11,0.29,17.7,0.1,3.2,3.6,2.076923076923077,5760.384615384615,2070.3076923076924,6.923076923076923,19.923076923076923,4.230769230769231,1.2307692307692308,7350.0,2464.846153846154,12.538461538461538,33.23076923076923,8.846153846153847,2.3846153846153846,344.38461538461536,50.69230769230769,14.538461538461538,0.7692307692307693,3.769230769230769,15.0,22.307692307692307,3.076923076923077,1.4615384615384615,1.3846153846153846,0.0,308.2307692307692,2.0,8.384615384615385,433.53846153846155,48.30769230769231,14.461538461538462,0.6153846153846154,4.230769230769231,17.846153846153847,19.307692307692307,5.615384615384615,2.230769230769231,1.6153846153846154,0.0,397.0769230769231,0.9230769230769231,7.769230769230769,16.38,1.46,11.615384615384615,1.0769230769230769,0.6923076923076923,0.9230769230769231,1.3846153846153846,0.6923076923076923,1.3076923076923077,0.07692307692307693,0.0,0.07692307692307693,0.0,0.0,29.38,3.46,19.0,2.769230769230769,2.076923076923077,3.230769230769231,1.6923076923076923,0.6153846153846154,1.6153846153846154,0.5384615384615384,0.15384615384615385,0.6923076923076923,0.46153846153846156,0.0,15.076923076923077,9.461538461538462,8.076923076923077,5.615384615384615,1.3846153846153846,5.6923076923076925,14.0,3.130769230769231,8.307692307692308,12.23076923076923,5.230769230769231,7.0,8.307692307692308,23.384615384615383,26.692307692307693,0.7692307692307693,16.846153846153847,10.307692307692308,7.0,7.384615384615385,2.4615384615384617,7.6923076923076925,14.307692307692308,4.138461538461538,6.615384615384615,10.076923076923077,2.3846153846153846,7.6923076923076925,6.769230769230769,23.615384615384617,25.53846153846154,0.6923076923076923,42.0,48.8,220.69230769230768,92.53846153846153,12.923076923076923,15.76923076923077,6.615384615384615,7.6923076923076925,269.9230769230769,1331.1538461538462,673.0769230769231,10.538461538461538,8.23076923076923,2.6923076923076925,12.461538461538462,9.153846153846153,305.6923076923077,27.307692307692307,54.0,37.0,286.38461538461536,141.46153846153845,25.53846153846154,15.384615384615385,8.307692307692308,5.6923076923076925,339.2307692307692,1584.0,770.1538461538462,16.0,11.846153846153847,4.769230769230769,13.615384615384615,9.384615384615385,394.0769230769231,40.38461538461539,47.5,13.76923076923077,14.307692307692308,2.0,15.0,8.307692307692308,0.07692307692307693,36.53846153846154,12.461538461538462,52.5,14.615384615384615,13.307692307692308,0.9230769230769231,17.846153846153847,6.769230769230769,0.0,39.38461538461539,13.76923076923077
Mirassol,47.1,18.8,14.8,11.4,26.2,1.54,0.92,2.46,1.23,2.15,1.44,0.88,2.32,1.14,2.02,0.3076923076923077,0.38461538461538464,2.6923076923076925,0.07692307692307693,13.307692307692308,35.69230769230769,52.9,15.0,13.5,10.4,23.9,1.0,0.92,1.92,0.92,1.85,1.15,0.8,1.96,1.04,1.84,0.07692307692307693,0.15384615384615385,2.5384615384615383,0.0,17.692307692307693,40.23076923076923,1.0,77.8,23.1,50.0,4.153846153846154,3.076923076923077,0.38461538461538464,0.46153846153846156,0.15384615384615385,0.15384615384615385,0.07692307692307693,0.07692307692307693,0.0,1.62,71.7,7.7,20.0,4.615384615384615,3.0,0.15384615384615385,0.46153846153846156,0.38461538461538464,0.38461538461538464,0.3076923076923077,0.07692307692307693,0.0,15.9,0.26,2.9,0.22,36.5,34.2,26.9,28.5,4.8,1.15,7.9,0.0,0.07692307692307693,0.0,3.230769230769231,9.692307692307692,2.5615384615384613,20.46153846153846,4.384615384615385,8.307692307692308,17.46153846153846,0.8461538461538461,21.1,0.29,1.1,0.08,34.4,34.4,33.3,31.1,4.8,0.92,14.4,0.07692307692307693,0.15384615384615385,0.07692307692307693,4.3076923076923075,9.538461538461538,3.476923076923077,20.76923076923077,3.923076923076923,7.153846153846154,12.846153846153847,0.6153846153846154,33.1,12.77,4.23,0.1,0.29,20.0,0.09,1.2,1.2,1.5384615384615385,29.2,13.69,4.0,0.07,0.23,19.9,0.08,-2.0,-1.5,1.0,6203.7692307692305,2394.230769230769,10.153846153846153,27.153846153846153,6.3076923076923075,2.1538461538461537,7301.923076923077,2383.153846153846,10.307692307692308,33.53846153846154,8.538461538461538,2.230769230769231,391.9230769230769,48.76923076923077,14.076923076923077,1.0,3.0,16.692307692307693,19.923076923076923,4.461538461538462,1.5384615384615385,1.8461538461538463,0.15384615384615385,354.7692307692308,2.0,8.76923076923077,447.46153846153845,49.07692307692308,13.692307692307692,1.0,3.8461538461538463,22.076923076923077,20.384615384615383,5.230769230769231,2.3076923076923075,2.076923076923077,0.0,403.7692307692308,1.3076923076923077,8.615384615384615,22.69,2.69,16.153846153846153,2.0,1.4615384615384615,1.6923076923076923,1.0,0.38461538461538464,1.7692307692307692,0.07692307692307693,0.15384615384615385,0.3076923076923077,0.3076923076923077,0.07692307692307693,25.31,1.92,19.384615384615383,1.5384615384615385,1.3846153846153846,1.0,1.3076923076923077,0.6923076923076923,1.5384615384615385,0.07692307692307693,0.15384615384615385,0.0,0.07692307692307693,0.07692307692307693,15.307692307692308,10.153846153846153,7.0,6.6923076923076925,1.6153846153846154,5.923076923076923,14.384615384615385,3.1692307692307695,8.461538461538462,11.538461538461538,4.076923076923077,7.461538461538462,9.153846153846153,24.46153846153846,27.76923076923077,0.7692307692307693,17.923076923076923,10.076923076923077,7.3076923076923075,8.307692307692308,2.3076923076923075,9.23076923076923,16.53846153846154,4.292307692307692,7.3076923076923075,12.076923076923077,4.076923076923077,8.0,9.538461538461538,27.46153846153846,24.0,0.38461538461538464,39.3,49.6,251.69230769230768,120.53846153846153,17.76923076923077,18.615384615384617,7.3076923076923075,9.23076923076923,312.6923076923077,1437.3076923076924,742.1538461538462,13.307692307692308,9.076923076923077,2.6923076923076925,15.384615384615385,8.538461538461538,351.9230769230769,35.38461538461539,51.2,35.8,267.0,163.69230769230768,20.615384615384617,16.53846153846154,8.461538461538462,5.923076923076923,351.46153846153845,1791.2307692307693,921.1538461538462,17.692307692307693,13.076923076923077,4.384615384615385,12.461538461538462,9.23076923076923,400.46153846153845,39.84615384615385,50.0,13.0,13.307692307692308,2.0,16.692307692307693,9.153846153846153,0.0,41.84615384615385,13.153846153846153,50.0,13.692307692307692,12.076923076923077,1.3076923076923077,22.076923076923077,9.538461538461538,0.07692307692307693,42.61538461538461,13.153846153846153
Palmeiras,50.3,17.1,14.7,11.8,26.6,1.15,0.77,1.92,1.0,1.77,1.32,0.91,2.23,1.13,2.04,0.15384615384615385,0.23076923076923078,2.230769230769231,0.0,16.923076923076923,35.92307692307692,49.7,10.6,9.1,7.4,16.5,0.85,0.62,1.46,0.77,1.38,0.82,0.57,1.39,0.7,1.27,0.07692307692307693,0.15384615384615385,2.6153846153846154,0.0,13.692307692307692,32.69230769230769,0.85,73.0,38.5,50.0,2.8461538461538463,1.9230769230769231,0.6153846153846154,0.15384615384615385,0.23076923076923078,0.15384615384615385,0.07692307692307693,0.07692307692307693,0.0,1.23,71.4,23.1,33.3,3.769230769230769,2.5384615384615383,0.23076923076923078,0.15384615384615385,0.6153846153846154,0.23076923076923078,0.15384615384615385,0.07692307692307693,0.0,11.4,0.26,0.4,0.03,47.9,39.8,59.0,49.1,6.7,0.92,15.9,0.15384615384615385,0.23076923076923078,0.0,3.3076923076923075,14.076923076923077,1.8076923076923077,21.53846153846154,2.923076923076923,6.384615384615385,12.692307692307692,0.8461538461538461,15.0,0.27,0.0,0.0,37.2,35.6,30.6,29.3,4.1,0.31,10.7,0.0,0.15384615384615385,0.07692307692307693,3.8461538461538463,10.538461538461538,2.8076923076923075,20.692307692307693,2.230769230769231,9.307692307692308,17.076923076923077,0.6923076923076923,25.3,14.0,3.54,0.07,0.28,20.5,0.08,-2.1,-1.7,1.1538461538461537,28.7,9.38,2.69,0.08,0.29,20.3,0.08,0.4,0.9,0.8461538461538461,6339.307692307692,2111.3846153846152,10.461538461538462,28.615384615384617,6.6923076923076925,2.5384615384615383,6061.2307692307695,2348.153846153846,6.769230769230769,27.076923076923077,5.461538461538462,1.7692307692307692,373.2307692307692,52.38461538461539,15.76923076923077,0.7692307692307693,3.6153846153846154,21.76923076923077,21.846153846153847,6.538461538461538,2.3846153846153846,2.6153846153846154,0.07692307692307693,340.46153846153845,1.9230769230769231,7.846153846153846,375.3076923076923,49.53846153846154,15.692307692307692,0.5384615384615384,2.3846153846153846,15.846153846153847,18.384615384615383,3.923076923076923,1.1538461538461537,1.6153846153846154,0.15384615384615385,342.15384615384613,0.8461538461538461,9.846153846153847,25.46,1.92,18.307692307692307,2.5384615384615383,1.0,1.2307692307692308,1.8461538461538463,0.5384615384615384,1.0,0.23076923076923078,0.15384615384615385,0.23076923076923078,0.23076923076923078,0.07692307692307693,16.62,1.54,11.846153846153847,1.5384615384615385,0.38461538461538464,1.0769230769230769,1.5384615384615385,0.23076923076923078,1.0769230769230769,0.07692307692307693,0.0,0.15384615384615385,0.23076923076923078,0.0,17.76923076923077,11.153846153846153,8.076923076923077,7.461538461538462,2.230769230769231,9.461538461538462,16.923076923076923,4.3,7.461538461538462,11.0,2.6923076923076925,8.307692307692308,7.384615384615385,25.153846153846153,23.153846153846153,0.6153846153846154,19.307692307692307,13.307692307692308,10.153846153846153,7.384615384615385,1.7692307692307692,11.846153846153847,19.615384615384617,4.646153846153846,7.769230769230769,10.461538461538462,4.384615384615385,6.076923076923077,7.384615384615385,26.692307692307693,34.07692307692308,0.6923076923076923,36.1,55.0,254.46153846153845,142.53846153846155,21.384615384615383,21.53846153846154,7.769230769230769,11.846153846153847,288.53846153846155,1596.0,817.4615384615385,16.923076923076923,11.846153846153847,4.769230769230769,16.384615384615383,7.461538461538462,337.7692307692308,35.61538461538461,39.1,49.6,244.15384615384616,113.53846153846153,15.23076923076923,19.076923076923077,7.461538461538462,9.461538461538462,287.2307692307692,1385.6923076923076,721.1538461538462,13.692307692307692,8.846153846153847,3.6923076923076925,16.846153846153847,8.307692307692308,338.15384615384613,32.30769230769231,47.1,14.615384615384615,15.538461538461538,1.9230769230769231,21.76923076923077,7.384615384615385,0.0,41.15384615384615,13.153846153846153,52.9,16.153846153846153,14.0,0.8461538461538461,15.846153846153847,7.384615384615385,0.07692307692307693,40.53846153846154,14.76923076923077
RB Bragantino,47.5,16.5,15.7,11.0,26.7,1.2,0.73,1.93,1.13,1.87,1.1,0.74,1.83,1.05,1.78,0.06666666666666667,0.06666666666666667,2.6,0.13333333333333333,16.866666666666667,38.4,52.5,16.1,16.1,12.7,28.8,0.93,0.67,1.6,0.93,1.6,1.07,0.85,1.92,1.07,1.92,0.0,0.0,2.4,0.0,15.066666666666666,42.2,1.0,75.0,40.0,,4.0,3.066666666666667,0.5333333333333333,0.2,0.26666666666666666,0.0,0.0,0.0,0.0,1.2,72.6,13.3,0.0,4.133333333333334,2.933333333333333,0.26666666666666666,0.2,0.5333333333333333,0.06666666666666667,0.06666666666666667,0.0,0.0,17.2,0.29,3.2,0.22,28.1,30.9,16.0,23.4,3.8,0.47,11.4,0.0,0.3333333333333333,0.06666666666666667,2.6666666666666665,7.533333333333333,2.36,22.066666666666666,5.4,8.333333333333334,17.666666666666668,0.6666666666666666,16.4,0.26,-1.6,-0.1,31.2,33.2,44.7,38.5,4.5,1.2,15.7,0.06666666666666667,0.3333333333333333,0.0,3.466666666666667,11.6,1.9933333333333332,24.6,4.666666666666667,8.8,13.333333333333334,0.6,31.0,13.13,4.07,0.09,0.28,18.7,0.08,1.5,1.3,1.2,28.3,14.13,4.0,0.07,0.23,18.7,0.08,-2.1,-2.1,0.9333333333333333,6596.0,2320.6,9.8,30.066666666666666,6.666666666666667,1.6,7373.466666666666,2530.8,10.8,33.06666666666667,9.133333333333333,3.2666666666666666,399.2,48.0,14.533333333333333,1.0666666666666667,3.466666666666667,17.933333333333334,18.0,5.133333333333334,1.7333333333333334,2.533333333333333,0.13333333333333333,362.2,1.2666666666666666,7.8,451.3333333333333,51.53333333333333,12.933333333333334,0.5333333333333333,3.066666666666667,21.8,21.8,5.866666666666666,2.533333333333333,1.8,0.0,408.06666666666666,1.2,9.6,23.87,2.07,16.666666666666668,2.2666666666666666,1.8,1.5333333333333334,1.2666666666666666,0.3333333333333333,1.4666666666666666,0.06666666666666667,0.13333333333333333,0.2,0.2,0.0,25.93,1.53,19.8,2.0,1.3333333333333333,1.3333333333333333,1.2,0.26666666666666666,0.8666666666666667,0.2,0.13333333333333333,0.3333333333333333,0.0,0.0,16.2,10.866666666666667,8.2,5.8,2.2,7.666666666666667,16.666666666666668,3.066666666666667,9.0,12.066666666666666,3.8,8.266666666666667,9.133333333333333,25.333333333333332,30.666666666666668,0.13333333333333333,17.0,11.333333333333334,9.066666666666666,5.933333333333334,2.0,9.133333333333333,18.933333333333334,3.2133333333333334,9.8,10.2,3.6,6.6,8.133333333333333,25.133333333333333,23.533333333333335,0.5333333333333333,46.4,43.2,249.53333333333333,134.6,20.4,21.133333333333333,9.8,9.133333333333333,313.4,1677.2666666666667,902.7333333333333,16.866666666666667,11.8,4.133333333333334,14.933333333333334,7.866666666666666,359.06666666666666,37.93333333333333,48.0,40.9,264.3333333333333,152.73333333333332,21.333333333333332,18.733333333333334,9.0,7.666666666666667,355.06666666666666,1713.4666666666667,802.3333333333334,15.066666666666666,11.733333333333333,3.8666666666666667,13.066666666666666,8.466666666666667,405.6,41.8,51.8,12.8,13.533333333333333,1.2666666666666666,17.933333333333334,9.133333333333333,0.06666666666666667,42.733333333333334,13.466666666666667,48.5,14.2,12.333333333333334,1.2,21.8,8.133333333333333,0.0,41.6,12.6
Santos,46.7,14.1,13.3,10.3,23.6,0.79,0.43,1.21,0.71,1.14,1.01,0.73,1.74,0.95,1.68,0.07142857142857142,0.07142857142857142,2.7857142857142856,0.14285714285714285,14.571428571428571,32.5,53.3,17.4,15.9,12.6,28.5,1.21,0.93,2.14,1.07,2.0,1.24,0.9,2.14,1.13,2.04,0.14285714285714285,0.14285714285714285,3.0714285714285716,0.07142857142857142,16.857142857142858,43.357142857142854,1.21,79.2,28.6,0.0,5.142857142857143,3.9285714285714284,0.2857142857142857,0.14285714285714285,0.5714285714285714,0.14285714285714285,0.14285714285714285,0.0,0.0,0.86,68.6,42.9,0.0,2.5,1.6428571428571428,0.5714285714285714,0.14285714285714285,0.2857142857142857,0.07142857142857142,0.07142857142857142,0.0,0.0,16.6,0.21,-0.4,-0.03,40.2,34.4,42.2,37.1,1.8,0.64,12.7,0.0,0.07142857142857142,0.0,3.642857142857143,10.5,2.4785714285714286,17.428571428571427,3.142857142857143,8.285714285714286,15.785714285714286,0.2857142857142857,11.5,0.3,0.5,0.04,33.2,33.8,35.8,32.9,5.5,0.64,11.3,0.0,0.07142857142857142,0.07142857142857142,2.642857142857143,8.714285714285714,2.164285714285714,18.928571428571427,3.2857142857142856,6.785714285714286,14.214285714285714,0.7857142857142857,20.9,11.64,2.43,0.06,0.29,18.1,0.08,-3.1,-3.3,0.7857142857142857,35.9,13.93,5.0,0.08,0.21,19.8,0.08,-0.4,-0.9,1.2142857142857142,5792.785714285715,2151.4285714285716,8.214285714285714,26.5,6.428571428571429,2.4285714285714284,7105.928571428572,2342.4285714285716,11.0,36.357142857142854,7.142857142857143,2.0,366.7142857142857,47.857142857142854,15.714285714285714,0.7857142857142857,2.142857142857143,17.714285714285715,17.214285714285715,4.428571428571429,1.8571428571428572,1.7142857142857142,0.07142857142857142,333.42857142857144,1.7857142857142858,7.357142857142857,431.2142857142857,51.142857142857146,15.142857142857142,1.0,3.642857142857143,20.214285714285715,21.357142857142858,6.0,2.0714285714285716,1.8571428571428572,0.0,400.5,1.6428571428571428,9.142857142857142,21.0,1.36,14.5,1.8571428571428572,1.5,1.2857142857142858,1.4285714285714286,0.42857142857142855,1.0714285714285714,0.14285714285714285,0.07142857142857142,0.07142857142857142,0.0,0.0,24.93,2.0,17.857142857142858,2.642857142857143,1.3571428571428572,1.4285714285714286,1.4285714285714286,0.21428571428571427,1.4285714285714286,0.07142857142857142,0.14285714285714285,0.21428571428571427,0.14285714285714285,0.0,19.0,12.5,10.0,7.285714285714286,1.7142857142857142,9.785714285714286,18.428571428571427,3.792857142857143,8.642857142857142,11.071428571428571,3.642857142857143,7.428571428571429,8.142857142857142,27.142857142857142,27.714285714285715,0.21428571428571427,16.071428571428573,10.714285714285714,7.071428571428571,6.857142857142857,2.142857142857143,8.357142857142858,17.071428571428573,3.5,8.714285714285714,10.571428571428571,3.642857142857143,6.928571428571429,6.928571428571429,23.0,24.214285714285715,0.7857142857142857,46.2,44.3,235.71428571428572,116.78571428571429,18.071428571428573,18.857142857142858,8.714285714285714,8.357142857142858,292.35714285714283,1503.2857142857142,743.7857142857143,14.571428571428571,10.285714285714286,3.9285714285714284,13.214285714285714,7.714285714285714,330.92857142857144,32.07142857142857,41.3,46.8,279.5,153.07142857142858,18.428571428571427,20.928571428571427,8.642857142857142,9.785714285714286,348.64285714285717,1724.4285714285713,891.4285714285714,16.857142857142858,12.357142857142858,3.9285714285714284,14.071428571428571,9.214285714285714,397.85714285714283,43.142857142857146,55.2,14.142857142857142,13.928571428571429,1.7857142857142858,17.714285714285715,8.142857142857142,0.0,39.142857142857146,14.071428571428571,44.8,15.071428571428571,13.285714285714286,1.6428571428571428,20.214285714285715,6.928571428571429,0.07142857142857142,39.142857142857146,11.428571428571429
Sport Recife,48.9,10.5,10.5,7.0,17.4,0.31,0.23,0.54,0.31,0.54,0.81,0.54,1.34,0.81,1.34,0.0,0.0,2.3846153846153846,0.0,16.23076923076923,41.84615384615385,51.1,17.4,14.2,11.6,25.8,1.54,1.0,2.54,1.31,2.31,1.34,0.89,2.23,1.09,1.98,0.23076923076923078,0.3076923076923077,2.1538461538461537,0.15384615384615385,14.923076923076923,36.61538461538461,1.62,68.4,15.4,0.0,4.384615384615385,2.8461538461538463,0.0,0.23076923076923078,0.7692307692307693,0.3076923076923077,0.23076923076923078,0.0,0.07692307692307693,0.38,90.4,61.5,,4.0,3.6923076923076925,0.7692307692307693,0.23076923076923078,0.0,0.0,0.0,0.0,0.0,18.1,0.27,-1.9,-0.15,31.5,40.5,45.1,37.5,5.5,0.77,12.3,0.0,0.07692307692307693,0.07692307692307693,3.3846153846153846,9.153846153846153,2.8461538461538463,17.846153846153847,3.8461538461538463,7.846153846153846,12.538461538461538,0.6923076923076923,11.7,0.23,7.7,0.59,41.1,36.4,44.9,38.2,3.9,0.15,9.3,0.0,0.07692307692307693,0.07692307692307693,4.230769230769231,12.692307692307692,2.5615384615384613,21.923076923076923,3.5384615384615383,8.23076923076923,15.76923076923077,0.6153846153846154,30.6,13.08,4.0,0.02,0.08,19.8,0.06,-6.5,-6.5,0.3076923076923077,32.9,12.62,4.15,0.1,0.31,19.8,0.09,2.6,2.8,1.5384615384615385,6474.538461538462,2343.3076923076924,9.076923076923077,32.07692307692308,8.538461538461538,2.076923076923077,6970.153846153846,2452.076923076923,9.692307692307692,28.846153846153847,6.6923076923076925,2.4615384615384617,404.15384615384613,50.92307692307692,12.538461538461538,0.9230769230769231,3.8461538461538463,20.846153846153847,21.384615384615383,6.538461538461538,3.0,2.6153846153846154,0.0,360.61538461538464,1.9230769230769231,9.846153846153847,426.84615384615387,51.07692307692308,15.153846153846153,0.7692307692307693,2.3076923076923075,15.615384615384615,22.153846153846153,4.153846153846154,1.2307692307692308,2.076923076923077,0.07692307692307693,388.3076923076923,1.6153846153846154,7.769230769230769,21.92,0.62,15.461538461538462,1.8461538461538463,1.3076923076923077,1.5384615384615385,1.2307692307692308,0.5384615384615384,0.5384615384615384,0.07692307692307693,0.0,0.0,0.0,0.0,22.62,2.77,16.692307692307693,1.6153846153846154,1.2307692307692308,1.4615384615384615,1.2307692307692308,0.38461538461538464,2.1538461538461537,0.07692307692307693,0.23076923076923078,0.07692307692307693,0.23076923076923078,0.0,15.76923076923077,10.307692307692308,7.461538461538462,6.384615384615385,1.9230769230769231,8.0,17.0,3.623076923076923,9.0,10.0,2.6153846153846154,7.384615384615385,8.923076923076923,24.692307692307693,24.0,0.6923076923076923,19.0,11.923076923076923,9.0,7.384615384615385,2.6153846153846154,8.23076923076923,16.076923076923077,3.9384615384615387,7.846153846153846,11.615384615384615,3.8461538461538463,7.769230769230769,8.615384615384615,27.615384615384617,28.153846153846153,0.6153846153846154,44.2,46.3,272.0,148.53846153846155,20.923076923076923,17.76923076923077,7.846153846153846,8.23076923076923,303.3076923076923,1640.923076923077,797.9230769230769,16.23076923076923,11.384615384615385,3.6923076923076925,16.46153846153846,10.76923076923077,358.0769230769231,41.38461538461539,47.4,42.1,294.0,119.92307692307692,18.76923076923077,19.0,9.0,8.0,347.7692307692308,1674.4615384615386,836.0769230769231,14.923076923076923,9.76923076923077,4.230769230769231,17.76923076923077,7.769230769230769,385.0769230769231,36.46153846153846,51.7,14.076923076923077,11.538461538461538,1.9230769230769231,20.846153846153847,8.923076923076923,0.07692307692307693,43.46153846153846,14.846153846153847,48.3,12.23076923076923,13.384615384615385,1.6153846153846154,15.615384615384615,8.615384615384615,0.07692307692307693,43.46153846153846,13.846153846153847
São Paulo,49.8,18.7,15.5,13.1,28.6,0.93,0.73,1.67,0.8,1.53,1.24,0.87,2.12,1.03,1.91,0.13333333333333333,0.26666666666666666,3.066666666666667,0.06666666666666667,13.733333333333333,34.86666666666667,50.2,18.4,16.0,12.0,28.0,1.13,0.67,1.8,0.93,1.6,1.22,0.8,2.03,1.07,1.87,0.2,0.2,2.2,0.06666666666666667,13.6,33.93333333333333,1.2,76.6,26.7,0.0,4.266666666666667,3.1333333333333333,0.2,0.4666666666666667,0.3333333333333333,0.2,0.2,0.0,0.0,0.93,75.5,40.0,33.3,3.2666666666666666,2.2666666666666666,0.3333333333333333,0.4666666666666667,0.2,0.26666666666666666,0.13333333333333333,0.06666666666666667,0.06666666666666667,21.0,0.32,4.0,0.26,46.0,38.0,34.9,31.2,2.0,0.87,14.3,0.0,0.2,0.06666666666666667,2.7333333333333334,10.533333333333333,1.7266666666666666,17.533333333333335,2.0,7.066666666666666,16.8,0.3333333333333333,16.4,0.29,2.4,0.16,32.3,33.8,43.3,37.9,6.0,0.47,12.6,0.0,0.13333333333333333,0.0,3.933333333333333,10.266666666666667,2.5533333333333332,22.466666666666665,4.133333333333334,6.933333333333334,13.4,0.8,26.0,11.8,3.07,0.07,0.26,19.1,0.09,-4.7,-3.5,0.9333333333333333,29.3,13.87,4.07,0.07,0.23,20.0,0.08,-1.4,-2.0,1.1333333333333333,6758.2,2267.4,9.266666666666667,29.933333333333334,7.133333333333334,2.2666666666666666,6718.066666666667,2383.6,10.133333333333333,29.733333333333334,6.6,2.2666666666666666,414.2,47.13333333333333,14.133333333333333,0.8,2.2,17.133333333333333,19.666666666666668,4.133333333333334,1.9333333333333333,1.6666666666666667,0.0,378.53333333333336,1.0,9.0,421.4,48.6,14.666666666666666,0.8,2.533333333333333,21.0,18.933333333333334,6.2,2.6666666666666665,2.6,0.06666666666666667,382.2,0.8666666666666667,9.333333333333334,21.93,1.47,17.666666666666668,1.0666666666666667,0.7333333333333333,1.0,1.1333333333333333,0.3333333333333333,1.0666666666666667,0.06666666666666667,0.06666666666666667,0.13333333333333333,0.13333333333333333,0.0,24.6,1.87,17.0,2.2666666666666666,1.6666666666666667,1.8666666666666667,1.4,0.4,1.1333333333333333,0.06666666666666667,0.13333333333333333,0.3333333333333333,0.13333333333333333,0.06666666666666667,17.466666666666665,11.066666666666666,8.133333333333333,6.866666666666666,2.466666666666667,9.0,17.066666666666666,3.5133333333333336,8.066666666666666,12.0,4.6,7.4,8.866666666666667,26.333333333333332,29.533333333333335,0.6666666666666666,16.866666666666667,11.2,7.933333333333334,6.733333333333333,2.2,9.266666666666667,16.333333333333332,3.7800000000000002,7.066666666666666,11.533333333333333,3.8,7.733333333333333,8.733333333333333,25.6,24.4,0.4666666666666667,39.6,51.5,272.46666666666664,121.66666666666667,16.533333333333335,17.866666666666667,7.066666666666666,9.2,327.6,1554.2,748.8666666666667,13.733333333333333,10.466666666666667,2.8666666666666667,15.066666666666666,7.533333333333333,375.73333333333335,34.6,42.6,47.5,276.73333333333335,136.53333333333333,20.0,18.933333333333334,8.066666666666666,9.0,310.1333333333333,1613.0,809.5333333333333,13.6,11.6,3.0,17.333333333333332,8.6,378.4,33.53333333333333,49.0,14.733333333333333,13.133333333333333,1.0,17.133333333333333,8.866666666666667,0.06666666666666667,41.6,13.066666666666666,51.1,14.133333333333333,13.8,0.8666666666666667,21.0,8.733333333333333,0.0,42.93333333333333,13.733333333333333
Vasco da Gama,54.5,15.4,15.4,12.9,28.3,1.07,0.93,2.0,1.07,2.0,1.1,0.92,2.02,1.1,2.02,0.0,0.0,2.0714285714285716,0.07142857142857142,16.5,42.142857142857146,45.5,19.0,19.0,16.8,35.8,1.14,1.0,2.14,1.14,2.14,1.36,1.2,2.56,1.36,2.56,0.0,0.0,1.8571428571428572,0.14285714285714285,13.142857142857142,34.0,1.36,62.0,14.3,,3.5714285714285716,2.4285714285714284,0.2857142857142857,0.14285714285714285,0.5714285714285714,0.0,0.0,0.0,0.0,1.07,77.3,42.9,,4.714285714285714,3.642857142857143,0.5714285714285714,0.14285714285714285,0.2857142857142857,0.0,0.0,0.0,0.0,16.2,0.33,0.2,0.01,24.6,30.4,23.1,27.8,6.7,0.71,11.9,0.0,0.14285714285714285,0.21428571428571427,2.0714285714285716,7.214285714285714,2.05,22.071428571428573,3.857142857142857,7.714285714285714,16.071428571428573,1.0714285714285714,18.6,0.28,3.6,0.25,40.8,37.0,38.9,34.8,5.4,0.64,12.0,0.0,0.14285714285714285,0.0,3.642857142857143,10.285714285714286,2.5285714285714285,18.714285714285715,3.142857142857143,6.785714285714286,18.428571428571427,1.0,34.7,13.57,4.71,0.08,0.23,18.9,0.08,-0.4,-0.4,1.0714285714285714,28.7,12.43,3.57,0.09,0.32,18.7,0.11,-3.0,-3.0,1.1428571428571428,7708.857142857143,2529.714285714286,10.357142857142858,39.857142857142854,6.857142857142857,3.5,6354.928571428572,2208.285714285714,10.285714285714286,31.714285714285715,7.714285714285714,2.5,486.7142857142857,45.5,13.071428571428571,0.2857142857142857,3.5,22.5,18.0,4.428571428571429,1.0,2.2142857142857144,0.07142857142857142,453.7857142857143,0.9285714285714286,8.571428571428571,391.7857142857143,45.57142857142857,13.642857142857142,0.9285714285714286,2.0,19.928571428571427,17.928571428571427,5.142857142857143,1.5714285714285714,2.357142857142857,0.0,357.7142857142857,0.9285714285714286,7.285714285714286,24.21,1.93,17.642857142857142,1.9285714285714286,1.1428571428571428,2.0714285714285716,1.2857142857142858,0.14285714285714285,1.3571428571428572,0.14285714285714285,0.07142857142857142,0.21428571428571427,0.14285714285714285,0.0,22.07,1.93,17.357142857142858,1.6428571428571428,0.35714285714285715,1.3571428571428572,1.2857142857142858,0.07142857142857142,1.5,0.07142857142857142,0.07142857142857142,0.21428571428571427,0.07142857142857142,0.0,16.214285714285715,10.214285714285714,7.428571428571429,6.428571428571429,2.357142857142857,8.285714285714286,15.714285714285714,3.7642857142857147,7.428571428571429,8.714285714285714,2.5714285714285716,6.142857142857143,6.857142857142857,23.071428571428573,27.571428571428573,0.6428571428571429,14.142857142857142,9.285714285714286,6.714285714285714,4.928571428571429,2.5,8.142857142857142,16.5,3.5285714285714285,8.357142857142858,10.714285714285714,3.142857142857143,7.571428571428571,7.071428571428571,21.214285714285715,23.0,0.35714285714285715,44.0,42.9,309.14285714285717,145.35714285714286,18.428571428571427,19.0,8.357142857142858,8.142857142857142,381.7142857142857,1762.857142857143,886.6428571428571,16.5,11.642857142857142,3.9285714285714284,11.642857142857142,6.142857142857143,451.0,41.785714285714285,42.8,47.3,248.35714285714286,141.71428571428572,19.642857142857142,17.357142857142858,7.428571428571429,8.214285714285714,306.92857142857144,1466.642857142857,734.5,13.142857142857142,11.428571428571429,3.4285714285714284,13.857142857142858,7.857142857142857,354.2142857142857,33.714285714285715,51.2,13.571428571428571,12.214285714285714,0.9285714285714286,22.5,6.857142857142857,0.21428571428571427,38.214285714285715,12.142857142857142,48.8,12.785714285714286,12.857142857142858,0.9285714285714286,19.928571428571427,7.071428571428571,0.0,37.214285714285715,11.5
Vitória,43.4,13.3,13.3,8.9,22.2,0.73,0.6,1.33,0.73,1.33,0.88,0.59,1.48,0.88,1.48,0.0,0.0,2.6666666666666665,0.13333333333333333,16.066666666666666,30.6,56.6,18.0,18.0,13.3,31.3,1.0,0.67,1.67,1.0,1.67,1.2,0.89,2.09,1.2,2.09,0.0,0.0,1.5333333333333334,0.13333333333333333,15.4,47.266666666666666,1.0,79.2,26.7,,4.8,3.8,0.2,0.4,0.4,0.0,0.0,0.0,0.0,0.73,81.4,46.7,,3.933333333333333,3.2,0.4,0.4,0.2,0.0,0.0,0.0,0.0,17.9,0.25,2.9,0.2,31.6,34.5,57.9,46.7,5.2,0.4,4.0,0.0,0.26666666666666666,0.0,3.533333333333333,12.266666666666667,1.9200000000000002,22.6,4.466666666666667,8.866666666666667,18.0,0.9333333333333333,13.0,0.22,2.0,0.13,29.3,31.8,35.8,34.4,4.8,1.53,14.9,0.0,0.26666666666666666,0.0,2.533333333333333,8.266666666666667,2.04,20.466666666666665,4.4,6.333333333333333,15.4,0.7333333333333333,34.1,11.53,3.93,0.06,0.19,19.9,0.08,-2.3,-2.3,0.7333333333333333,31.7,15.13,4.8,0.07,0.21,17.8,0.08,-3.0,-3.0,1.0,5854.133333333333,2027.8666666666666,8.0,28.066666666666666,4.733333333333333,1.9333333333333333,8032.133333333333,2690.9333333333334,11.066666666666666,43.86666666666667,8.733333333333333,2.933333333333333,352.2,49.2,14.6,0.26666666666666666,2.3333333333333335,20.666666666666668,18.866666666666667,4.866666666666666,1.6666666666666667,1.1333333333333333,0.06666666666666667,314.93333333333334,1.7333333333333334,8.066666666666666,492.53333333333336,48.666666666666664,16.6,1.3333333333333333,3.0,23.133333333333333,19.066666666666666,5.0,1.2666666666666666,2.4,0.06666666666666667,452.8666666666667,1.8,7.933333333333334,19.47,1.27,13.8,1.7333333333333334,1.0,1.3333333333333333,1.2666666666666666,0.3333333333333333,0.8,0.13333333333333333,0.0,0.2,0.13333333333333333,0.0,27.13,1.87,18.933333333333334,2.6,1.1333333333333333,1.6666666666666667,2.3333333333333335,0.4666666666666667,1.3333333333333333,0.2,0.06666666666666667,0.2,0.0,0.06666666666666667,14.6,8.866666666666667,7.533333333333333,5.266666666666667,1.8,7.2,14.066666666666666,3.4133333333333336,6.866666666666666,9.866666666666667,3.8,6.066666666666666,8.0,22.6,30.4,0.4666666666666667,15.533333333333333,9.933333333333334,7.466666666666667,5.733333333333333,2.3333333333333335,7.733333333333333,15.733333333333333,3.2800000000000002,8.0,9.4,3.2666666666666666,6.133333333333334,6.533333333333333,22.066666666666666,27.0,0.6,44.3,42.8,231.26666666666668,113.26666666666667,13.466666666666667,18.066666666666666,8.0,7.733333333333333,287.6666666666667,1586.5333333333333,794.6666666666666,16.066666666666666,10.066666666666666,2.2,15.733333333333333,7.8,311.6666666666667,30.333333333333332,42.6,44.6,325.53333333333336,163.2,21.4,16.133333333333333,6.866666666666666,7.2,365.93333333333334,1701.0666666666666,923.3333333333334,15.4,11.466666666666667,2.7333333333333334,14.733333333333333,7.4,449.73333333333335,46.666666666666664,44.3,16.133333333333333,12.4,1.7333333333333334,20.666666666666668,8.0,0.0,39.2,12.266666666666667,55.7,13.133333333333333,15.4,1.8,23.133333333333333,6.533333333333333,0.0,40.53333333333333,15.4
